img,name,price,description
https://robohash.org/magnimodivoluptates.bmp?size=50x50&set=set1,Volkswagen,45,ipsum aliquam non mauris morbi non lectus aliquam sit amet diam in magna bibendum imperdiet
https://robohash.org/temporeutaspernatur.jpg?size=50x50&set=set1,Lotus,51,integer ac neque duis bibendum morbi non quam nec dui luctus rutrum nulla tellus in sagittis dui
https://robohash.org/possimusomnissaepe.png?size=50x50&set=set1,Chevrolet,91,platea dictumst aliquam augue quam sollicitudin vitae consectetuer eget rutrum at lorem integer tincidunt ante vel ipsum praesent blandit lacinia erat vestibulum sed
https://robohash.org/aliquamatempora.png?size=50x50&set=set1,Dodge,27,lectus in quam fringilla rhoncus mauris enim leo rhoncus sed vestibulum sit amet cursus id turpis integer aliquet massa id lobortis convallis tortor risus dapibus
https://robohash.org/aspernaturautrepellat.jpg?size=50x50&set=set1,Kia,74,lectus pellentesque eget nunc donec quis orci eget orci vehicula condimentum curabitur in libero ut massa volutpat convallis morbi odio odio elementum eu interdum eu tincidunt in leo maecenas
https://robohash.org/solutalaborevel.jpg?size=50x50&set=set1,Pontiac,82,fusce consequat nulla nisl nunc nisl duis bibendum felis sed interdum venenatis turpis enim blandit mi in porttitor pede justo eu massa donec dapibus duis at velit eu est congue
https://robohash.org/cumeumconsequuntur.bmp?size=50x50&set=set1,Suzuki,25,orci pede venenatis non sodales sed tincidunt eu felis fusce posuere felis sed lacus morbi sem mauris
https://robohash.org/animiesserem.png?size=50x50&set=set1,Volvo,77,aliquam quis turpis eget elit sodales scelerisque mauris sit amet eros suspendisse accumsan tortor quis turpis sed ante vivamus
https://robohash.org/veritatismaioresdeleniti.png?size=50x50&set=set1,Pontiac,72,non mattis pulvinar nulla pede ullamcorper augue a suscipit nulla elit ac nulla sed vel enim sit amet nunc viverra dapibus nulla suscipit ligula in
https://robohash.org/doloresnumquamut.png?size=50x50&set=set1,Mercedes-Benz,18,quam turpis adipiscing lorem vitae mattis nibh ligula nec sem duis aliquam convallis nunc proin at turpis a pede posuere nonummy integer non
https://robohash.org/sedessevoluptatem.jpg?size=50x50&set=set1,Oldsmobile,41,proin eu mi nulla ac enim in tempor turpis nec euismod scelerisque quam turpis adipiscing lorem vitae mattis
https://robohash.org/fugiatnemoconsequatur.jpg?size=50x50&set=set1,Nissan,29,phasellus in felis donec semper sapien a libero nam dui proin leo odio porttitor id consequat in consequat ut
https://robohash.org/omnisabexplicabo.jpg?size=50x50&set=set1,Subaru,55,maecenas tristique est et tempus semper est quam pharetra magna ac consequat
https://robohash.org/adestsed.png?size=50x50&set=set1,Jeep,65,felis fusce posuere felis sed lacus morbi sem mauris laoreet ut
https://robohash.org/quibusdamvoluptatemillum.jpg?size=50x50&set=set1,BMW,92,vitae mattis nibh ligula nec sem duis aliquam convallis nunc proin at turpis a pede posuere nonummy integer non velit donec diam neque vestibulum eget vulputate ut ultrices vel augue
https://robohash.org/iustomagnamporro.jpg?size=50x50&set=set1,BMW,43,integer ac leo pellentesque ultrices mattis odio donec vitae nisi nam ultrices libero non mattis pulvinar
https://robohash.org/corporisvoluptasratione.jpg?size=50x50&set=set1,Lincoln,49,viverra diam vitae quam suspendisse potenti nullam porttitor lacus at
https://robohash.org/reiciendisassumendadelectus.png?size=50x50&set=set1,Chevrolet,94,platea dictumst aliquam augue quam sollicitudin vitae consectetuer eget rutrum at lorem integer tincidunt ante vel ipsum
https://robohash.org/ducimusdoloresquis.jpg?size=50x50&set=set1,Dodge,34,vitae nisl aenean lectus pellentesque eget nunc donec quis orci eget orci vehicula condimentum curabitur in libero ut massa volutpat convallis morbi odio odio elementum
https://robohash.org/quiaautab.png?size=50x50&set=set1,Honda,72,justo etiam pretium iaculis justo in hac habitasse platea dictumst etiam faucibus cursus urna ut tellus nulla ut erat id mauris vulputate elementum nullam
https://robohash.org/idetet.jpg?size=50x50&set=set1,Lexus,54,rutrum nulla tellus in sagittis dui vel nisl duis ac nibh fusce lacus purus aliquet at feugiat
https://robohash.org/omnisetaut.jpg?size=50x50&set=set1,Buick,14,commodo vulputate justo in blandit ultrices enim lorem ipsum dolor sit amet consectetuer adipiscing elit proin interdum mauris non ligula pellentesque
https://robohash.org/sitprovidentquae.jpg?size=50x50&set=set1,BMW,52,donec quis orci eget orci vehicula condimentum curabitur in libero ut massa volutpat convallis morbi odio odio elementum eu interdum eu tincidunt
https://robohash.org/estdoloressint.bmp?size=50x50&set=set1,Ford,44,aenean fermentum donec ut mauris eget massa tempor convallis nulla neque libero convallis eget
https://robohash.org/quosaepevel.jpg?size=50x50&set=set1,Mitsubishi,61,dolor sit amet consectetuer adipiscing elit proin interdum mauris non ligula pellentesque ultrices phasellus id sapien in sapien iaculis congue vivamus metus arcu adipiscing molestie hendrerit at vulputate
https://robohash.org/fugitaliasrerum.jpg?size=50x50&set=set1,Maybach,81,semper interdum mauris ullamcorper purus sit amet nulla quisque arcu libero rutrum ac lobortis vel dapibus at diam nam tristique tortor eu pede
https://robohash.org/quibusdametdicta.bmp?size=50x50&set=set1,Ford,67,natoque penatibus et magnis dis parturient montes nascetur ridiculus mus etiam vel augue vestibulum rutrum rutrum neque aenean auctor gravida sem praesent id massa
https://robohash.org/infacereaut.jpg?size=50x50&set=set1,Infiniti,48,fusce consequat nulla nisl nunc nisl duis bibendum felis sed interdum venenatis turpis enim blandit mi in porttitor pede justo eu massa donec
https://robohash.org/utadipisciaperiam.png?size=50x50&set=set1,Mitsubishi,53,donec ut mauris eget massa tempor convallis nulla neque libero convallis eget eleifend luctus ultricies eu nibh quisque id justo sit amet sapien dignissim vestibulum vestibulum ante
https://robohash.org/quisquibusdamet.bmp?size=50x50&set=set1,Buick,3,sapien placerat ante nulla justo aliquam quis turpis eget elit sodales scelerisque mauris sit amet eros suspendisse accumsan tortor quis turpis sed
https://robohash.org/etaliasillum.png?size=50x50&set=set1,Volkswagen,79,proin risus praesent lectus vestibulum quam sapien varius ut blandit non
https://robohash.org/eosaccusamusaspernatur.bmp?size=50x50&set=set1,Porsche,56,sed justo pellentesque viverra pede ac diam cras pellentesque volutpat dui maecenas tristique est et tempus semper est quam pharetra magna ac consequat metus sapien ut nunc vestibulum ante
https://robohash.org/commodioditdeleniti.png?size=50x50&set=set1,Ford,47,morbi ut odio cras mi pede malesuada in imperdiet et commodo vulputate justo in blandit ultrices enim lorem
https://robohash.org/estenimvoluptatem.png?size=50x50&set=set1,Ford,79,mattis nibh ligula nec sem duis aliquam convallis nunc proin at turpis a pede posuere nonummy integer non velit donec diam neque vestibulum eget vulputate
https://robohash.org/omnismolestiaeut.jpg?size=50x50&set=set1,Honda,36,augue vestibulum ante ipsum primis in faucibus orci luctus et ultrices posuere cubilia curae donec pharetra magna vestibulum aliquet ultrices
https://robohash.org/eteoslaborum.png?size=50x50&set=set1,Lexus,100,amet eros suspendisse accumsan tortor quis turpis sed ante vivamus tortor duis mattis
https://robohash.org/illumetiure.bmp?size=50x50&set=set1,Mercedes-Benz,82,ut massa quis augue luctus tincidunt nulla mollis molestie lorem quisque ut erat curabitur gravida nisi at nibh in hac habitasse platea dictumst aliquam
https://robohash.org/doloresautipsa.png?size=50x50&set=set1,Jaguar,83,mattis egestas metus aenean fermentum donec ut mauris eget massa tempor convallis nulla neque libero convallis eget eleifend luctus ultricies eu nibh quisque id justo sit amet
https://robohash.org/reprehenderitoccaecatieaque.png?size=50x50&set=set1,Ford,95,nunc viverra dapibus nulla suscipit ligula in lacus curabitur at ipsum ac tellus semper interdum mauris ullamcorper purus
https://robohash.org/blanditiisoccaecatiquidem.bmp?size=50x50&set=set1,Lincoln,23,nulla mollis molestie lorem quisque ut erat curabitur gravida nisi at nibh in hac habitasse
https://robohash.org/adipisciearumlaborum.bmp?size=50x50&set=set1,Dodge,67,nisi volutpat eleifend donec ut dolor morbi vel lectus in quam fringilla
https://robohash.org/esseeaest.bmp?size=50x50&set=set1,Porsche,86,pede venenatis non sodales sed tincidunt eu felis fusce posuere felis sed lacus morbi sem mauris laoreet ut rhoncus aliquet pulvinar sed nisl nunc rhoncus dui vel
https://robohash.org/nesciuntasperioresitaque.bmp?size=50x50&set=set1,Lincoln,84,tellus in sagittis dui vel nisl duis ac nibh fusce lacus purus aliquet at feugiat non pretium quis lectus suspendisse
https://robohash.org/eaautemanimi.bmp?size=50x50&set=set1,Mazda,83,justo etiam pretium iaculis justo in hac habitasse platea dictumst etiam faucibus cursus urna ut tellus nulla ut erat id mauris vulputate elementum nullam varius nulla facilisi cras non
https://robohash.org/etfugitnam.png?size=50x50&set=set1,Saab,35,ipsum ac tellus semper interdum mauris ullamcorper purus sit amet
https://robohash.org/accusamusipsumut.bmp?size=50x50&set=set1,Saab,91,at velit vivamus vel nulla eget eros elementum pellentesque quisque porta volutpat erat quisque erat eros viverra
https://robohash.org/eumvoluptateeos.bmp?size=50x50&set=set1,Mazda,76,vestibulum quam sapien varius ut blandit non interdum in ante vestibulum ante ipsum primis in faucibus orci luctus et ultrices posuere cubilia curae duis faucibus accumsan odio curabitur
https://robohash.org/idillumreprehenderit.jpg?size=50x50&set=set1,Ford,15,nam congue risus semper porta volutpat quam pede lobortis ligula sit amet eleifend pede libero
https://robohash.org/teneturdoloremillum.jpg?size=50x50&set=set1,Mercury,59,luctus et ultrices posuere cubilia curae nulla dapibus dolor vel est donec odio justo sollicitudin ut suscipit a feugiat et eros
https://robohash.org/expeditanonquisquam.bmp?size=50x50&set=set1,Hyundai,19,quis turpis sed ante vivamus tortor duis mattis egestas metus aenean fermentum donec ut mauris eget massa tempor convallis nulla neque libero convallis eget eleifend
https://robohash.org/sedculpaofficia.jpg?size=50x50&set=set1,Mazda,47,amet consectetuer adipiscing elit proin risus praesent lectus vestibulum quam sapien varius ut blandit non
https://robohash.org/aliasautaut.bmp?size=50x50&set=set1,Pontiac,52,vel pede morbi porttitor lorem id ligula suspendisse ornare consequat lectus in est risus auctor sed tristique in tempus sit amet
https://robohash.org/quodrecusandaeperferendis.bmp?size=50x50&set=set1,Mercedes-Benz,32,suscipit ligula in lacus curabitur at ipsum ac tellus semper interdum mauris ullamcorper purus sit
https://robohash.org/praesentiumveritatisdicta.jpg?size=50x50&set=set1,Nissan,15,luctus tincidunt nulla mollis molestie lorem quisque ut erat curabitur gravida nisi
https://robohash.org/aspernatureaet.bmp?size=50x50&set=set1,Mitsubishi,52,sit amet sem fusce consequat nulla nisl nunc nisl duis
https://robohash.org/exercitationemtotammagnam.png?size=50x50&set=set1,BMW,98,donec quis orci eget orci vehicula condimentum curabitur in libero ut massa volutpat convallis morbi odio odio elementum eu interdum eu tincidunt in leo maecenas
https://robohash.org/rationeenimconsequatur.bmp?size=50x50&set=set1,Mercedes-Benz,34,mauris enim leo rhoncus sed vestibulum sit amet cursus id turpis integer aliquet massa id lobortis convallis
https://robohash.org/suntsequiquo.jpg?size=50x50&set=set1,Chrysler,64,tincidunt eget tempus vel pede morbi porttitor lorem id ligula suspendisse ornare consequat lectus in est risus auctor sed
https://robohash.org/etsapienteoptio.jpg?size=50x50&set=set1,Dodge,68,nulla sed vel enim sit amet nunc viverra dapibus nulla suscipit ligula in lacus curabitur at ipsum ac tellus semper interdum mauris ullamcorper purus
https://robohash.org/repellatassumendaaperiam.png?size=50x50&set=set1,Mazda,26,morbi a ipsum integer a nibh in quis justo maecenas rhoncus aliquam lacus morbi quis tortor id nulla ultrices aliquet maecenas leo odio condimentum id luctus nec molestie
https://robohash.org/nullaetaccusantium.png?size=50x50&set=set1,Mercedes-Benz,22,egestas metus aenean fermentum donec ut mauris eget massa tempor convallis
https://robohash.org/iureporroaut.jpg?size=50x50&set=set1,MINI,24,pede ac diam cras pellentesque volutpat dui maecenas tristique est et tempus semper est quam pharetra
https://robohash.org/illumnumquamexcepturi.bmp?size=50x50&set=set1,Volkswagen,46,luctus et ultrices posuere cubilia curae mauris viverra diam vitae quam suspendisse potenti nullam porttitor lacus at turpis donec posuere metus vitae ipsum aliquam non mauris morbi non lectus
https://robohash.org/etvelmagnam.jpg?size=50x50&set=set1,Bentley,14,nibh in hac habitasse platea dictumst aliquam augue quam sollicitudin vitae
https://robohash.org/cupiditatevoluptatesrecusandae.jpg?size=50x50&set=set1,Dodge,47,dolor sit amet consectetuer adipiscing elit proin risus praesent lectus vestibulum quam sapien varius ut blandit non interdum in ante vestibulum ante
https://robohash.org/aliasdoloribuscumque.bmp?size=50x50&set=set1,Lincoln,56,ante ipsum primis in faucibus orci luctus et ultrices posuere cubilia
https://robohash.org/commodiutvero.png?size=50x50&set=set1,Dodge,96,luctus nec molestie sed justo pellentesque viverra pede ac diam cras pellentesque volutpat dui maecenas tristique est et tempus semper est quam pharetra magna ac consequat
https://robohash.org/nostrumquamcum.png?size=50x50&set=set1,Mercedes-Benz,74,quis libero nullam sit amet turpis elementum ligula vehicula consequat morbi a ipsum integer a nibh in quis justo maecenas rhoncus aliquam
https://robohash.org/omnispossimusharum.bmp?size=50x50&set=set1,Ford,96,nulla suscipit ligula in lacus curabitur at ipsum ac tellus semper interdum mauris ullamcorper purus sit amet nulla quisque arcu libero rutrum ac lobortis vel dapibus at diam
https://robohash.org/placeatsintdolores.png?size=50x50&set=set1,Chrysler,24,potenti nullam porttitor lacus at turpis donec posuere metus vitae ipsum
https://robohash.org/voluptatemdeseruntvelit.png?size=50x50&set=set1,BMW,69,eget semper rutrum nulla nunc purus phasellus in felis donec semper sapien a libero
https://robohash.org/utconsequatureum.bmp?size=50x50&set=set1,Pontiac,36,neque aenean auctor gravida sem praesent id massa id nisl venenatis lacinia aenean sit amet justo
https://robohash.org/utnatusvoluptatem.png?size=50x50&set=set1,Rolls-Royce,49,congue risus semper porta volutpat quam pede lobortis ligula sit amet eleifend pede
https://robohash.org/odiomodiveniam.bmp?size=50x50&set=set1,Chevrolet,6,amet nulla quisque arcu libero rutrum ac lobortis vel dapibus at diam nam
https://robohash.org/doloremqueautcum.png?size=50x50&set=set1,Volkswagen,52,ac leo pellentesque ultrices mattis odio donec vitae nisi nam ultrices libero non mattis pulvinar nulla pede ullamcorper augue a suscipit nulla elit ac nulla sed
https://robohash.org/ipsafugitdicta.jpg?size=50x50&set=set1,Dodge,17,massa id nisl venenatis lacinia aenean sit amet justo morbi ut odio
https://robohash.org/veritatisautquia.png?size=50x50&set=set1,BMW,49,sollicitudin vitae consectetuer eget rutrum at lorem integer tincidunt ante vel ipsum praesent blandit lacinia erat vestibulum sed magna at nunc commodo placerat praesent blandit nam nulla integer pede
https://robohash.org/assumendaeostotam.jpg?size=50x50&set=set1,Ford,44,ut blandit non interdum in ante vestibulum ante ipsum primis in faucibus orci luctus et ultrices posuere cubilia curae duis faucibus accumsan odio curabitur convallis duis consequat
https://robohash.org/adomnisnihil.jpg?size=50x50&set=set1,BMW,32,lacinia aenean sit amet justo morbi ut odio cras mi pede malesuada in imperdiet et commodo
https://robohash.org/autmollitiaa.bmp?size=50x50&set=set1,Porsche,42,blandit nam nulla integer pede justo lacinia eget tincidunt eget tempus vel
https://robohash.org/cumvelitab.bmp?size=50x50&set=set1,Chevrolet,61,id ligula suspendisse ornare consequat lectus in est risus auctor sed tristique in tempus sit
https://robohash.org/maximeperferendissed.bmp?size=50x50&set=set1,Kia,86,interdum in ante vestibulum ante ipsum primis in faucibus orci luctus et ultrices posuere cubilia curae duis faucibus accumsan odio curabitur convallis duis consequat dui nec
https://robohash.org/distinctiofacereipsam.jpg?size=50x50&set=set1,Hyundai,73,dapibus duis at velit eu est congue elementum in hac habitasse platea dictumst morbi vestibulum velit id pretium iaculis diam erat fermentum justo nec condimentum neque sapien placerat ante nulla
https://robohash.org/ipsumquifacere.bmp?size=50x50&set=set1,Mitsubishi,94,congue vivamus metus arcu adipiscing molestie hendrerit at vulputate vitae nisl aenean lectus pellentesque eget nunc donec quis orci eget orci
https://robohash.org/pariaturcumiste.png?size=50x50&set=set1,Mercury,4,morbi non lectus aliquam sit amet diam in magna bibendum imperdiet nullam orci pede venenatis non sodales sed tincidunt eu felis fusce posuere felis sed lacus morbi
https://robohash.org/recusandaeesseveritatis.jpg?size=50x50&set=set1,Audi,26,condimentum id luctus nec molestie sed justo pellentesque viverra pede ac diam cras pellentesque volutpat dui maecenas tristique est et tempus semper est quam pharetra magna ac consequat metus
https://robohash.org/voluptasnullaplaceat.jpg?size=50x50&set=set1,Mitsubishi,84,sit amet nunc viverra dapibus nulla suscipit ligula in lacus curabitur at ipsum ac tellus semper interdum mauris ullamcorper purus sit amet nulla quisque arcu libero
https://robohash.org/excepturinihilsaepe.jpg?size=50x50&set=set1,Chrysler,68,nibh ligula nec sem duis aliquam convallis nunc proin at turpis a pede posuere nonummy integer non velit donec diam neque vestibulum eget vulputate ut ultrices
https://robohash.org/consequaturincumque.bmp?size=50x50&set=set1,Volvo,88,ac consequat metus sapien ut nunc vestibulum ante ipsum primis in faucibus orci luctus et ultrices posuere cubilia curae mauris viverra diam vitae
https://robohash.org/totamquivel.bmp?size=50x50&set=set1,Hyundai,17,curabitur at ipsum ac tellus semper interdum mauris ullamcorper purus sit amet nulla quisque arcu libero rutrum ac lobortis vel
https://robohash.org/eosadvoluptates.jpg?size=50x50&set=set1,Cadillac,48,velit donec diam neque vestibulum eget vulputate ut ultrices vel augue vestibulum ante ipsum primis in faucibus orci
https://robohash.org/rerumetsunt.bmp?size=50x50&set=set1,Toyota,95,ultrices posuere cubilia curae nulla dapibus dolor vel est donec odio justo sollicitudin ut suscipit a feugiat et eros vestibulum ac est lacinia
https://robohash.org/adipiscifacerenostrum.png?size=50x50&set=set1,Volkswagen,19,varius ut blandit non interdum in ante vestibulum ante ipsum primis in faucibus orci luctus et ultrices
https://robohash.org/explicaboquineque.jpg?size=50x50&set=set1,Subaru,59,nulla pede ullamcorper augue a suscipit nulla elit ac nulla sed vel
https://robohash.org/quierrorquia.png?size=50x50&set=set1,Jeep,94,turpis adipiscing lorem vitae mattis nibh ligula nec sem duis
https://robohash.org/minusconsequaturpraesentium.png?size=50x50&set=set1,Lamborghini,50,lacinia sapien quis libero nullam sit amet turpis elementum ligula vehicula
https://robohash.org/erroreligendiid.jpg?size=50x50&set=set1,Volkswagen,81,erat curabitur gravida nisi at nibh in hac habitasse platea dictumst aliquam
https://robohash.org/mollitiaimpeditquia.bmp?size=50x50&set=set1,Mercedes-Benz,1,fusce consequat nulla nisl nunc nisl duis bibendum felis sed interdum
https://robohash.org/perspiciatisquisquamaut.bmp?size=50x50&set=set1,Infiniti,44,felis eu sapien cursus vestibulum proin eu mi nulla ac enim in tempor turpis nec euismod
https://robohash.org/aliquidvoluptatemvoluptatibus.bmp?size=50x50&set=set1,BMW,42,nunc donec quis orci eget orci vehicula condimentum curabitur in libero ut massa volutpat convallis morbi odio odio elementum eu
https://robohash.org/repellendusipsumvoluptate.bmp?size=50x50&set=set1,Ford,90,vitae nisi nam ultrices libero non mattis pulvinar nulla pede
https://robohash.org/autemdolormolestias.png?size=50x50&set=set1,Hummer,23,risus dapibus augue vel accumsan tellus nisi eu orci mauris lacinia sapien quis libero nullam sit amet turpis elementum ligula vehicula consequat morbi a ipsum integer a nibh
https://robohash.org/quasdoloremqueiste.jpg?size=50x50&set=set1,Spyker,92,duis consequat dui nec nisi volutpat eleifend donec ut dolor morbi vel lectus in quam fringilla rhoncus mauris enim leo rhoncus sed
https://robohash.org/laborealiassit.png?size=50x50&set=set1,Mitsubishi,32,parturient montes nascetur ridiculus mus vivamus vestibulum sagittis sapien cum sociis natoque penatibus et magnis dis parturient montes nascetur ridiculus mus
https://robohash.org/animiquosquis.jpg?size=50x50&set=set1,Dodge,14,in sagittis dui vel nisl duis ac nibh fusce lacus purus aliquet at
https://robohash.org/perspiciatisnonsit.bmp?size=50x50&set=set1,BMW,33,fusce lacus purus aliquet at feugiat non pretium quis lectus suspendisse potenti in eleifend quam
https://robohash.org/essenemoexcepturi.bmp?size=50x50&set=set1,Ford,59,dis parturient montes nascetur ridiculus mus vivamus vestibulum sagittis sapien cum sociis natoque penatibus et magnis dis parturient montes nascetur ridiculus mus etiam vel augue vestibulum rutrum rutrum neque
https://robohash.org/utasperioresiure.bmp?size=50x50&set=set1,Nissan,12,vel est donec odio justo sollicitudin ut suscipit a feugiat et eros vestibulum ac est lacinia nisi venenatis tristique fusce congue diam id
https://robohash.org/nontotamut.png?size=50x50&set=set1,Chevrolet,46,volutpat erat quisque erat eros viverra eget congue eget semper rutrum nulla nunc
https://robohash.org/ducimusassumendasint.bmp?size=50x50&set=set1,Infiniti,18,primis in faucibus orci luctus et ultrices posuere cubilia curae mauris viverra diam vitae quam suspendisse potenti
https://robohash.org/perferendisutrepellendus.png?size=50x50&set=set1,Mitsubishi,41,lobortis convallis tortor risus dapibus augue vel accumsan tellus nisi eu orci mauris lacinia
https://robohash.org/officiaeosasperiores.bmp?size=50x50&set=set1,Volkswagen,32,mi integer ac neque duis bibendum morbi non quam nec dui luctus rutrum nulla tellus
https://robohash.org/quiaetvoluptatem.bmp?size=50x50&set=set1,Chevrolet,32,mollis molestie lorem quisque ut erat curabitur gravida nisi at nibh in hac habitasse platea
https://robohash.org/utexplicabovel.jpg?size=50x50&set=set1,Volkswagen,38,congue vivamus metus arcu adipiscing molestie hendrerit at vulputate vitae nisl aenean lectus pellentesque eget nunc donec quis orci eget orci vehicula condimentum curabitur in
https://robohash.org/iustoetqui.jpg?size=50x50&set=set1,Mitsubishi,42,ridiculus mus vivamus vestibulum sagittis sapien cum sociis natoque penatibus et magnis dis
https://robohash.org/autcumquequia.jpg?size=50x50&set=set1,Panoz,3,tellus nulla ut erat id mauris vulputate elementum nullam varius nulla facilisi cras non
https://robohash.org/siteumrecusandae.jpg?size=50x50&set=set1,GMC,82,fusce congue diam id ornare imperdiet sapien urna pretium nisl ut volutpat sapien arcu sed augue aliquam erat volutpat in congue etiam justo etiam pretium iaculis justo in hac
https://robohash.org/molestiasveritatisquod.jpg?size=50x50&set=set1,Nissan,46,turpis enim blandit mi in porttitor pede justo eu massa donec dapibus duis at velit eu est congue elementum in hac
https://robohash.org/quidignissimosad.bmp?size=50x50&set=set1,Ford,24,blandit mi in porttitor pede justo eu massa donec dapibus duis at velit eu
https://robohash.org/eiussaepeeos.bmp?size=50x50&set=set1,Maybach,92,blandit nam nulla integer pede justo lacinia eget tincidunt eget tempus vel pede
https://robohash.org/autquislaborum.bmp?size=50x50&set=set1,Mercury,36,quis odio consequat varius integer ac leo pellentesque ultrices mattis odio donec
https://robohash.org/perferendissintpariatur.bmp?size=50x50&set=set1,Ford,8,rhoncus mauris enim leo rhoncus sed vestibulum sit amet cursus id turpis integer aliquet massa id lobortis convallis tortor
https://robohash.org/minimaliberoqui.png?size=50x50&set=set1,Volvo,44,augue vestibulum rutrum rutrum neque aenean auctor gravida sem praesent id massa id
https://robohash.org/autsedrepellat.bmp?size=50x50&set=set1,Chevrolet,92,mi pede malesuada in imperdiet et commodo vulputate justo in blandit ultrices enim lorem ipsum dolor sit amet consectetuer adipiscing elit proin interdum mauris non ligula pellentesque
https://robohash.org/nonetsuscipit.png?size=50x50&set=set1,Porsche,56,lorem ipsum dolor sit amet consectetuer adipiscing elit proin interdum mauris non ligula pellentesque ultrices phasellus id
https://robohash.org/sitatqueet.bmp?size=50x50&set=set1,Mazda,93,nam dui proin leo odio porttitor id consequat in consequat ut nulla sed accumsan felis ut at
https://robohash.org/nonvelsit.jpg?size=50x50&set=set1,GMC,20,turpis elementum ligula vehicula consequat morbi a ipsum integer a nibh in quis justo maecenas rhoncus aliquam lacus morbi quis tortor id nulla ultrices aliquet maecenas leo
https://robohash.org/reiciendisvoluptatemautem.bmp?size=50x50&set=set1,Lexus,71,primis in faucibus orci luctus et ultrices posuere cubilia curae nulla dapibus dolor vel
https://robohash.org/ducimuslaboriosamsit.png?size=50x50&set=set1,Audi,16,lorem ipsum dolor sit amet consectetuer adipiscing elit proin risus praesent lectus vestibulum quam sapien varius
https://robohash.org/perspiciatisetdoloribus.png?size=50x50&set=set1,Chevrolet,25,sollicitudin mi sit amet lobortis sapien sapien non mi integer ac neque duis bibendum morbi non quam nec dui luctus rutrum nulla
https://robohash.org/vitaedeleniticonsequatur.png?size=50x50&set=set1,Chevrolet,4,sit amet cursus id turpis integer aliquet massa id lobortis convallis tortor risus dapibus augue vel accumsan tellus nisi eu orci mauris lacinia sapien quis libero nullam
https://robohash.org/etmagnamsunt.bmp?size=50x50&set=set1,Ford,1,nulla tellus in sagittis dui vel nisl duis ac nibh
https://robohash.org/doloruminventoreipsam.bmp?size=50x50&set=set1,Chevrolet,47,pellentesque viverra pede ac diam cras pellentesque volutpat dui maecenas tristique est et tempus
https://robohash.org/asperioresnobisquasi.bmp?size=50x50&set=set1,Chevrolet,67,vestibulum ante ipsum primis in faucibus orci luctus et ultrices posuere cubilia curae donec pharetra magna vestibulum aliquet ultrices
https://robohash.org/reiciendisevenietenim.bmp?size=50x50&set=set1,Nissan,24,vulputate elementum nullam varius nulla facilisi cras non velit nec nisi vulputate nonummy
https://robohash.org/ducimusdoloremqueaut.png?size=50x50&set=set1,Ford,31,eget tempus vel pede morbi porttitor lorem id ligula suspendisse ornare consequat lectus in est risus auctor sed tristique
https://robohash.org/ducimusharummolestiae.png?size=50x50&set=set1,Oldsmobile,37,dolor sit amet consectetuer adipiscing elit proin risus praesent lectus vestibulum quam sapien varius ut blandit non interdum in ante vestibulum ante ipsum primis in faucibus
https://robohash.org/quieumrepellat.jpg?size=50x50&set=set1,Aston Martin,5,donec diam neque vestibulum eget vulputate ut ultrices vel augue vestibulum ante ipsum primis in faucibus orci luctus et
https://robohash.org/velitmolestiasomnis.jpg?size=50x50&set=set1,Oldsmobile,15,eu interdum eu tincidunt in leo maecenas pulvinar lobortis est phasellus sit amet erat nulla tempus vivamus in felis eu sapien
https://robohash.org/utconsequaturet.jpg?size=50x50&set=set1,Ford,57,curae nulla dapibus dolor vel est donec odio justo sollicitudin ut suscipit
https://robohash.org/fugitestpraesentium.bmp?size=50x50&set=set1,BMW,82,vulputate ut ultrices vel augue vestibulum ante ipsum primis in faucibus orci luctus et ultrices posuere cubilia curae donec pharetra magna vestibulum aliquet ultrices
https://robohash.org/necessitatibusquampraesentium.png?size=50x50&set=set1,Ford,22,vestibulum sit amet cursus id turpis integer aliquet massa id lobortis convallis tortor risus dapibus
https://robohash.org/estharumaut.png?size=50x50&set=set1,Suzuki,28,et tempus semper est quam pharetra magna ac consequat metus sapien ut nunc vestibulum ante ipsum primis in faucibus orci luctus
https://robohash.org/dictaquibusdamassumenda.bmp?size=50x50&set=set1,Oldsmobile,44,dui vel nisl duis ac nibh fusce lacus purus aliquet at feugiat non pretium quis lectus suspendisse potenti in eleifend quam a
https://robohash.org/accusantiumprovidentquisquam.png?size=50x50&set=set1,Volkswagen,7,in lacus curabitur at ipsum ac tellus semper interdum mauris
https://robohash.org/ipsaaccusantiumin.jpg?size=50x50&set=set1,GMC,48,vivamus in felis eu sapien cursus vestibulum proin eu mi nulla
https://robohash.org/quivelitadipisci.jpg?size=50x50&set=set1,Subaru,32,turpis sed ante vivamus tortor duis mattis egestas metus aenean fermentum
https://robohash.org/etvoluptasautem.bmp?size=50x50&set=set1,Ford,89,ante vel ipsum praesent blandit lacinia erat vestibulum sed magna at nunc commodo placerat praesent
https://robohash.org/accusamusfugitvero.bmp?size=50x50&set=set1,Chevrolet,64,volutpat dui maecenas tristique est et tempus semper est quam pharetra magna ac consequat metus sapien ut nunc vestibulum ante ipsum primis in faucibus orci luctus
https://robohash.org/omnisidtemporibus.png?size=50x50&set=set1,Nissan,59,nascetur ridiculus mus vivamus vestibulum sagittis sapien cum sociis natoque penatibus et magnis dis parturient montes nascetur ridiculus mus etiam vel augue vestibulum rutrum rutrum
https://robohash.org/eosutvitae.jpg?size=50x50&set=set1,BMW,95,in purus eu magna vulputate luctus cum sociis natoque penatibus et magnis
https://robohash.org/delectusquiasunt.jpg?size=50x50&set=set1,Honda,2,ultrices libero non mattis pulvinar nulla pede ullamcorper augue a suscipit nulla elit ac nulla sed vel enim sit amet
https://robohash.org/ipsamsolutavoluptatem.bmp?size=50x50&set=set1,Honda,84,aliquam erat volutpat in congue etiam justo etiam pretium iaculis justo in hac habitasse platea dictumst etiam faucibus cursus urna ut tellus nulla
https://robohash.org/atqueconsequaturvoluptas.jpg?size=50x50&set=set1,Acura,49,sagittis nam congue risus semper porta volutpat quam pede lobortis ligula sit amet eleifend pede libero quis orci nullam molestie nibh in lectus pellentesque at nulla suspendisse potenti cras in
https://robohash.org/doloremqueeligendinon.jpg?size=50x50&set=set1,Lamborghini,84,commodo placerat praesent blandit nam nulla integer pede justo lacinia eget tincidunt eget tempus vel pede morbi porttitor lorem id ligula suspendisse ornare
https://robohash.org/voluptatemautemsit.png?size=50x50&set=set1,Isuzu,66,orci luctus et ultrices posuere cubilia curae donec pharetra magna vestibulum aliquet ultrices erat tortor sollicitudin mi sit amet lobortis sapien sapien non
https://robohash.org/harumutvoluptatibus.jpg?size=50x50&set=set1,Bentley,94,bibendum morbi non quam nec dui luctus rutrum nulla tellus in sagittis dui vel nisl
https://robohash.org/reprehenderitquaedicta.jpg?size=50x50&set=set1,Chrysler,17,nonummy integer non velit donec diam neque vestibulum eget vulputate ut ultrices vel augue vestibulum ante ipsum primis in faucibus orci luctus et ultrices posuere cubilia curae donec pharetra
https://robohash.org/faceresuntalias.bmp?size=50x50&set=set1,Ford,91,dolor morbi vel lectus in quam fringilla rhoncus mauris enim leo rhoncus sed vestibulum sit amet cursus id turpis integer aliquet massa id lobortis convallis tortor risus dapibus
https://robohash.org/rerumofficiisvel.jpg?size=50x50&set=set1,Infiniti,47,curabitur in libero ut massa volutpat convallis morbi odio odio elementum eu interdum eu tincidunt
https://robohash.org/uttotamdolore.jpg?size=50x50&set=set1,Bentley,53,pede posuere nonummy integer non velit donec diam neque vestibulum eget vulputate ut ultrices vel
https://robohash.org/quodvelitconsectetur.jpg?size=50x50&set=set1,Volvo,21,faucibus accumsan odio curabitur convallis duis consequat dui nec nisi volutpat eleifend donec ut dolor morbi vel lectus in quam fringilla rhoncus
https://robohash.org/nostrumaspernaturanimi.bmp?size=50x50&set=set1,Ford,96,faucibus cursus urna ut tellus nulla ut erat id mauris vulputate
https://robohash.org/eligendietut.bmp?size=50x50&set=set1,Porsche,88,eu nibh quisque id justo sit amet sapien dignissim vestibulum vestibulum ante ipsum primis in faucibus orci luctus et ultrices posuere cubilia curae nulla dapibus dolor vel
https://robohash.org/esselaborumet.jpg?size=50x50&set=set1,Lexus,85,dui maecenas tristique est et tempus semper est quam pharetra magna ac consequat metus sapien ut nunc
https://robohash.org/estnihilalias.png?size=50x50&set=set1,Lexus,40,sed augue aliquam erat volutpat in congue etiam justo etiam pretium
https://robohash.org/nullavoluptatemaspernatur.jpg?size=50x50&set=set1,Oldsmobile,64,justo etiam pretium iaculis justo in hac habitasse platea dictumst etiam faucibus cursus urna ut tellus nulla ut erat id mauris vulputate elementum
https://robohash.org/animivoluptatemculpa.png?size=50x50&set=set1,Mercedes-Benz,7,vel ipsum praesent blandit lacinia erat vestibulum sed magna at nunc commodo placerat praesent blandit nam nulla integer pede justo lacinia eget tincidunt
https://robohash.org/inciduntdebitisaccusantium.png?size=50x50&set=set1,Audi,18,eget eleifend luctus ultricies eu nibh quisque id justo sit amet sapien dignissim vestibulum vestibulum ante ipsum primis in faucibus orci luctus et ultrices
https://robohash.org/magniaperiamipsam.bmp?size=50x50&set=set1,Chevrolet,33,suspendisse potenti cras in purus eu magna vulputate luctus cum sociis natoque penatibus et magnis dis parturient montes nascetur ridiculus mus
https://robohash.org/velitestsed.jpg?size=50x50&set=set1,Hyundai,64,elementum eu interdum eu tincidunt in leo maecenas pulvinar lobortis est phasellus sit amet erat nulla tempus vivamus in felis eu sapien cursus vestibulum proin eu mi nulla ac enim
https://robohash.org/eligendievenietanimi.jpg?size=50x50&set=set1,Acura,15,non interdum in ante vestibulum ante ipsum primis in faucibus orci luctus et ultrices posuere cubilia
https://robohash.org/cumnequeest.jpg?size=50x50&set=set1,Toyota,47,nunc rhoncus dui vel sem sed sagittis nam congue risus semper porta volutpat quam pede lobortis ligula sit amet eleifend pede libero
https://robohash.org/officiisconsequatura.bmp?size=50x50&set=set1,Mercedes-Benz,23,sagittis dui vel nisl duis ac nibh fusce lacus purus
https://robohash.org/fugasednon.bmp?size=50x50&set=set1,BMW,85,semper est quam pharetra magna ac consequat metus sapien ut nunc vestibulum
https://robohash.org/repellendusitaquedeserunt.jpg?size=50x50&set=set1,Audi,97,ut nulla sed accumsan felis ut at dolor quis odio consequat varius integer ac
https://robohash.org/nobisiureeos.jpg?size=50x50&set=set1,GMC,2,ligula sit amet eleifend pede libero quis orci nullam molestie nibh in
https://robohash.org/etdistinctiofacilis.png?size=50x50&set=set1,Maserati,62,cursus urna ut tellus nulla ut erat id mauris vulputate elementum nullam varius
https://robohash.org/enimquisenim.jpg?size=50x50&set=set1,Cadillac,34,cras non velit nec nisi vulputate nonummy maecenas tincidunt lacus at velit vivamus vel nulla eget eros elementum pellentesque quisque porta volutpat erat quisque erat eros viverra eget congue
https://robohash.org/fugiateligendifugit.jpg?size=50x50&set=set1,Mercedes-Benz,15,faucibus orci luctus et ultrices posuere cubilia curae duis faucibus accumsan odio curabitur convallis duis consequat dui nec nisi volutpat eleifend donec ut dolor morbi vel lectus in quam
https://robohash.org/nonconsequunturnecessitatibus.bmp?size=50x50&set=set1,Pontiac,21,faucibus orci luctus et ultrices posuere cubilia curae nulla dapibus dolor vel est
https://robohash.org/commodivoluptatumquia.jpg?size=50x50&set=set1,Ford,13,sed tristique in tempus sit amet sem fusce consequat nulla nisl nunc nisl duis bibendum felis sed interdum venenatis turpis
https://robohash.org/etidillum.png?size=50x50&set=set1,BMW,38,aenean sit amet justo morbi ut odio cras mi pede malesuada in imperdiet et commodo vulputate justo in blandit ultrices
https://robohash.org/velitautemea.bmp?size=50x50&set=set1,GMC,5,ultrices erat tortor sollicitudin mi sit amet lobortis sapien sapien non mi integer ac neque duis bibendum morbi non quam nec dui luctus rutrum nulla tellus
https://robohash.org/ipsamomnisat.jpg?size=50x50&set=set1,Kia,15,cubilia curae duis faucibus accumsan odio curabitur convallis duis consequat dui nec nisi volutpat eleifend donec ut dolor morbi vel
https://robohash.org/debitisrerumneque.png?size=50x50&set=set1,Isuzu,54,ut massa quis augue luctus tincidunt nulla mollis molestie lorem quisque ut erat curabitur gravida nisi at nibh in hac habitasse platea dictumst aliquam augue quam sollicitudin vitae consectetuer
https://robohash.org/necessitatibusodiomollitia.jpg?size=50x50&set=set1,Chevrolet,19,suspendisse potenti nullam porttitor lacus at turpis donec posuere metus vitae ipsum aliquam non mauris morbi non lectus aliquam sit amet diam in magna bibendum imperdiet nullam
https://robohash.org/nonutaccusamus.jpg?size=50x50&set=set1,Spyker,73,libero nam dui proin leo odio porttitor id consequat in consequat ut nulla sed accumsan felis ut at dolor
https://robohash.org/ipsaitaqueveritatis.png?size=50x50&set=set1,Dodge,98,rutrum nulla nunc purus phasellus in felis donec semper sapien a libero nam dui proin leo odio porttitor id consequat in consequat ut nulla sed accumsan felis ut at dolor
https://robohash.org/quodvoluptatumnatus.png?size=50x50&set=set1,Kia,63,a pede posuere nonummy integer non velit donec diam neque vestibulum eget vulputate ut ultrices vel augue vestibulum ante ipsum primis in
https://robohash.org/isteenimquo.bmp?size=50x50&set=set1,Volkswagen,56,nulla ac enim in tempor turpis nec euismod scelerisque quam turpis adipiscing lorem vitae mattis nibh ligula nec sem
https://robohash.org/sintquidemratione.bmp?size=50x50&set=set1,Chevrolet,73,at nulla suspendisse potenti cras in purus eu magna vulputate luctus cum sociis natoque penatibus et magnis dis parturient montes
https://robohash.org/laudantiumnihilrem.png?size=50x50&set=set1,Mitsubishi,88,volutpat eleifend donec ut dolor morbi vel lectus in quam fringilla rhoncus mauris enim leo rhoncus sed vestibulum sit amet cursus id turpis
https://robohash.org/autdoloremest.jpg?size=50x50&set=set1,Toyota,28,nulla elit ac nulla sed vel enim sit amet nunc viverra dapibus nulla suscipit ligula in lacus curabitur at ipsum ac tellus semper interdum mauris ullamcorper purus sit amet nulla
https://robohash.org/eteligendiquasi.png?size=50x50&set=set1,Honda,45,vulputate nonummy maecenas tincidunt lacus at velit vivamus vel nulla eget eros elementum pellentesque quisque porta volutpat erat quisque
https://robohash.org/molestiasquiut.bmp?size=50x50&set=set1,Plymouth,20,nulla pede ullamcorper augue a suscipit nulla elit ac nulla sed vel enim sit amet nunc viverra dapibus nulla suscipit ligula in lacus curabitur
https://robohash.org/aperiamdoloremeos.png?size=50x50&set=set1,Ford,6,dolor morbi vel lectus in quam fringilla rhoncus mauris enim leo rhoncus sed vestibulum sit amet cursus id turpis integer
https://robohash.org/ipsamarchitectovoluptas.png?size=50x50&set=set1,Saab,84,rutrum nulla nunc purus phasellus in felis donec semper sapien
https://robohash.org/veliteaearum.png?size=50x50&set=set1,Ford,64,maecenas leo odio condimentum id luctus nec molestie sed justo pellentesque viverra pede ac diam cras pellentesque volutpat dui maecenas tristique est et tempus semper est quam pharetra magna
https://robohash.org/quamexpeditaminus.jpg?size=50x50&set=set1,Chevrolet,1,iaculis justo in hac habitasse platea dictumst etiam faucibus cursus urna ut tellus nulla ut erat id mauris vulputate elementum nullam varius nulla facilisi cras non velit nec nisi
